invoice_id,contract_id,customer_id,customer_name,invoice_date,billing_period,currency,quantity,unit_price,discount,tax,total_amount,reference_number
INV-1001,CTR-1001,CUST-201,Nexus Cloud Technologies Inc.,2025-01-15,2025-01,USD,106,100.0,1060.0,0.0,9540.0,PO-1001-M01
INV-1002,CTR-1001,CUST-201,Nexus Cloud Technologies Inc.,2025-02-15,2025-02,USD,104,100.0,1040.0,0.0,9360.0,PO-1001-M02
INV-1003,CTR-1001,CUST-201,Nexus Cloud Technologies Inc.,2025-03-15,2025-03,USD,102,100.0,1020.0,0.0,9180.0,PO-1001-M03
INV-1004,CTR-1001,CUST-201,Nexus Cloud Technologies Inc.,2025-04-15,2025-04,USD,100,100.0,1000.0,0.0,9000.0,PO-1001-M04
INV-1005,CTR-1001,CUST-201,Nexus Cloud Technologies Inc.,2025-05-15,2025-05,USD,98,100.0,980.0,0.0,8820.0,PO-1001-M05
INV-1006,CTR-1001,CUST-201,Nexus Cloud Technologies Inc.,2025-06-15,2025-06,USD,96,100.0,960.0,0.0,8640.0,PO-1001-M06
INV-1007,CTR-1001,CUST-201,Nexus Cloud Technologies Inc.,2025-07-15,2025-07,USD,94,100.0,940.0,0.0,8460.0,PO-1001-M07
INV-1008,CTR-1002,CUST-202,Meridian Logistics Corp,2025-01-15,2025-01,USD,44,150.0,0.0,0.0,6600.0,PO-1002-M01
INV-1009,CTR-1002,CUST-202,Meridian Logistics Corp,2025-02-15,2025-02,USD,55,150.0,0.0,0.0,8250.0,PO-1002-M02
INV-1010,CTR-1002,CUST-202,Meridian Logistics Corp,2025-03-15,2025-03,USD,53,150.0,0.0,0.0,7950.0,PO-1002-M03
INV-1011,CTR-1002,CUST-202,Meridian Logistics Corp,2025-04-15,2025-04,USD,51,150.0,0.0,0.0,7650.0,PO-1002-M04
INV-1012,CTR-1002,CUST-202,Meridian Logistics Corp,2025-05-15,2025-05,USD,49,150.0,0.0,0.0,7350.0,PO-1002-M05
INV-1013,CTR-1002,CUST-202,Meridian Logistics Corp,2025-06-15,2025-06,USD,47,150.0,0.0,0.0,7050.0,PO-1002-M06
INV-1014,CTR-1002,CUST-202,Meridian Logistics Corp,2025-07-15,2025-07,USD,45,150.0,0.0,0.0,6750.0,PO-1002-M07
INV-1015,CTR-1003,CUST-203,Apex Health Solutions LLC,2025-01-15,2025-01,USD,1,18000.0,900.0,0.0,17100.0,PO-1003-M01
INV-1016,CTR-1003,CUST-203,Apex Health Solutions LLC,2025-02-15,2025-02,USD,1,18000.0,900.0,0.0,17100.0,PO-1003-M02
INV-1017,CTR-1003,CUST-203,Apex Health Solutions LLC,2025-03-15,2025-03,USD,1,18000.0,900.0,0.0,17100.0,PO-1003-M03
INV-1018,CTR-1003,CUST-203,Apex Health Solutions LLC,2025-04-15,2025-04,USD,1,18000.0,900.0,0.0,17100.0,PO-1003-M04
INV-1019,CTR-1003,CUST-203,Apex Health Solutions LLC,2025-05-15,2025-05,USD,1,18000.0,900.0,0.0,17100.0,PO-1003-M05
INV-1020,CTR-1003,CUST-203,Apex Health Solutions LLC,2025-06-15,2025-06,USD,1,18000.0,900.0,0.0,17100.0,PO-1003-M06
INV-1021,CTR-1003,CUST-203,Apex Health Solutions LLC,2025-07-15,2025-07,USD,1,18000.0,900.0,0.0,17100.0,PO-1003-M07
INV-1022,CTR-1004,CUST-204,Vortex Media Global,2025-01-15,2025-01,EUR,1,12500.0,0.0,0.0,12500.0,PO-1004-M01
INV-1023,CTR-1004,CUST-204,Vortex Media Global,2025-02-15,2025-02,EUR,1,12500.0,0.0,0.0,12500.0,PO-1004-M02
INV-1024,CTR-1004,CUST-204,Vortex Media Global,2025-03-15,2025-03,EUR,1,12500.0,0.0,0.0,12500.0,PO-1004-M03
INV-1025,CTR-1004,CUST-204,Vortex Media Global,2025-04-15,2025-04,EUR,1,12500.0,0.0,0.0,12500.0,PO-1004-M04
INV-1026,CTR-1004,CUST-204,Vortex Media Global,2025-05-15,2025-05,EUR,1,12500.0,0.0,0.0,12500.0,PO-1004-M05
INV-1027,CTR-1004,CUST-204,Vortex Media Global,2025-06-15,2025-06,EUR,1,12500.0,0.0,0.0,12500.0,PO-1004-M06
INV-1028,CTR-1004,CUST-204,Vortex Media Global,2025-07-15,2025-07,EUR,1,12500.0,0.0,0.0,12500.0,PO-1004-M07
INV-1029,CTR-1005,CUST-205,Horizon Financial Partners,2025-01-15,2025-01,USD,17,1200.0,3060.0,0.0,17340.0,PO-1005-M01
INV-1030,CTR-1005,CUST-205,Horizon Financial Partners,2025-02-15,2025-02,USD,15,1200.0,2700.0,0.0,15300.0,PO-1005-M02
INV-1031,CTR-1005,CUST-205,Horizon Financial Partners,2025-03-15,2025-03,USD,26,1200.0,4680.0,0.0,26520.0,PO-1005-M03
INV-1032,CTR-1005,CUST-205,Horizon Financial Partners,2025-04-15,2025-04,USD,24,1200.0,4320.0,0.0,24480.0,PO-1005-M04
INV-1033,CTR-1005,CUST-205,Horizon Financial Partners,2025-05-15,2025-05,USD,22,1200.0,3960.0,0.0,22440.0,PO-1005-M05
INV-1034,CTR-1005,CUST-205,Horizon Financial Partners,2025-06-15,2025-06,USD,20,1200.0,3600.0,0.0,20400.0,PO-1005-M06
INV-1035,CTR-1005,CUST-205,Horizon Financial Partners,2025-07-15,2025-07,USD,18,1200.0,3240.0,0.0,18360.0,PO-1005-M07
INV-1036,CTR-1006,CUST-206,Zenith Retail Systems Ltd,2025-01-15,2025-01,USD,248,40.0,0.0,0.0,9920.0,PO-1006-M01
INV-1037,CTR-1006,CUST-206,Zenith Retail Systems Ltd,2025-02-15,2025-02,USD,246,40.0,0.0,0.0,9840.0,PO-1006-M02
INV-1038,CTR-1006,CUST-206,Zenith Retail Systems Ltd,2025-03-15,2025-03,USD,244,40.0,0.0,0.0,9760.0,PO-1006-M03
INV-1039,CTR-1006,CUST-206,Zenith Retail Systems Ltd,2025-04-15,2025-04,USD,255,40.0,0.0,0.0,10200.0,PO-1006-M04
INV-1040,CTR-1006,CUST-206,Zenith Retail Systems Ltd,2025-05-15,2025-05,USD,253,40.0,0.0,0.0,10120.0,PO-1006-M05
INV-1041,CTR-1006,CUST-206,Zenith Retail Systems Ltd,2025-06-15,2025-06,USD,251,40.0,0.0,0.0,10040.0,PO-1006-M06
INV-1042,CTR-1006,CUST-206,Zenith Retail Systems Ltd,2025-07-15,2025-07,USD,249,40.0,0.0,0.0,9960.0,PO-1006-M07
INV-1043,CTR-1007,CUST-207,Bharat Data Analytics Pvt Ltd,2025-01-15,2025-01,INR,1,500000.0,50000.0,0.0,450000.0,PO-1007-M01
INV-1044,CTR-1007,CUST-207,Bharat Data Analytics Pvt Ltd,2025-02-15,2025-02,INR,1,500000.0,50000.0,0.0,450000.0,PO-1007-M02
INV-1045,CTR-1007,CUST-207,Bharat Data Analytics Pvt Ltd,2025-03-15,2025-03,INR,1,500000.0,50000.0,0.0,450000.0,PO-1007-M03
INV-1046,CTR-1007,CUST-207,Bharat Data Analytics Pvt Ltd,2025-04-15,2025-04,INR,1,500000.0,50000.0,0.0,450000.0,PO-1007-M04
INV-1047,CTR-1007,CUST-207,Bharat Data Analytics Pvt Ltd,2025-05-15,2025-05,INR,1,500000.0,50000.0,0.0,450000.0,PO-1007-M05
INV-1048,CTR-1007,CUST-207,Bharat Data Analytics Pvt Ltd,2025-06-15,2025-06,INR,1,500000.0,50000.0,0.0,450000.0,PO-1007-M06
INV-1049,CTR-1007,CUST-207,Bharat Data Analytics Pvt Ltd,2025-07-15,2025-07,INR,1,500000.0,50000.0,0.0,450000.0,PO-1007-M07
INV-1050,CTR-1008,CUST-208,Starlight Cyber Defense Corp,2025-01-15,2025-01,USD,1,14000.0,0.0,0.0,14000.0,PO-1008-M01
INV-1051,CTR-1008,CUST-208,Starlight Cyber Defense Corp,2025-02-15,2025-02,USD,1,14000.0,0.0,0.0,14000.0,PO-1008-M02
INV-1052,CTR-1008,CUST-208,Starlight Cyber Defense Corp,2025-03-15,2025-03,USD,1,14000.0,0.0,0.0,14000.0,PO-1008-M03
INV-1053,CTR-1008,CUST-208,Starlight Cyber Defense Corp,2025-04-15,2025-04,USD,1,14000.0,0.0,0.0,14000.0,PO-1008-M04
INV-1054,CTR-1008,CUST-208,Starlight Cyber Defense Corp,2025-05-15,2025-05,USD,1,14000.0,0.0,0.0,14000.0,PO-1008-M05
INV-1055,CTR-1008,CUST-208,Starlight Cyber Defense Corp,2025-06-15,2025-06,USD,1,14000.0,0.0,0.0,14000.0,PO-1008-M06
INV-1056,CTR-1008,CUST-208,Starlight Cyber Defense Corp,2025-07-15,2025-07,USD,1,14000.0,0.0,0.0,14000.0,PO-1008-M07
INV-1057,CTR-1009,CUST-209,Beacon Renewable Energy Group,2025-01-15,2025-01,USD,81,125.0,810.0,0.0,9315.0,PO-1009-M01
INV-1058,CTR-1009,CUST-209,Beacon Renewable Energy Group,2025-02-15,2025-02,USD,79,125.0,790.0,0.0,9085.0,PO-1009-M02
INV-1059,CTR-1009,CUST-209,Beacon Renewable Energy Group,2025-03-15,2025-03,USD,77,125.0,770.0,0.0,8855.0,PO-1009-M03
INV-1060,CTR-1009,CUST-209,Beacon Renewable Energy Group,2025-04-15,2025-04,USD,75,125.0,750.0,0.0,8625.0,PO-1009-M04
INV-1061,CTR-1009,CUST-209,Beacon Renewable Energy Group,2025-05-15,2025-05,USD,86,125.0,860.0,0.0,9890.0,PO-1009-M05
INV-1062,CTR-1009,CUST-209,Beacon Renewable Energy Group,2025-06-15,2025-06,USD,84,125.0,840.0,0.0,9660.0,PO-1009-M06
INV-1063,CTR-1009,CUST-209,Beacon Renewable Energy Group,2025-07-15,2025-07,USD,82,125.0,820.0,0.0,9430.0,PO-1009-M07
INV-1064,CTR-1010,CUST-210,Titan Heavy Industries Inc.,2025-01-15,2025-01,USD,1,32000.0,0.0,0.0,32000.0,PO-1010-M01
INV-1065,CTR-1010,CUST-210,Titan Heavy Industries Inc.,2025-02-15,2025-02,USD,1,32000.0,0.0,0.0,32000.0,PO-1010-M02
INV-1066,CTR-1010,CUST-210,Titan Heavy Industries Inc.,2025-03-15,2025-03,USD,1,32000.0,0.0,0.0,32000.0,PO-1010-M03
INV-1067,CTR-1010,CUST-210,Titan Heavy Industries Inc.,2025-04-15,2025-04,USD,1,32000.0,0.0,0.0,32000.0,PO-1010-M04
INV-1068,CTR-1010,CUST-210,Titan Heavy Industries Inc.,2025-05-15,2025-05,USD,1,32000.0,0.0,0.0,32000.0,PO-1010-M05
INV-1069,CTR-1010,CUST-210,Titan Heavy Industries Inc.,2025-06-15,2025-06,USD,1,32000.0,0.0,0.0,32000.0,PO-1010-M06
INV-1070,CTR-1010,CUST-210,Titan Heavy Industries Inc.,2025-07-15,2025-07,USD,1,32000.0,0.0,0.0,32000.0,PO-1010-M07
INV-1071,CTR-1011,CUST-211,Kensington Financial Software Ltd,2025-01-15,2025-01,GBP,1,9500.0,475.0,0.0,9025.0,PO-1011-M01
INV-1072,CTR-1011,CUST-211,Kensington Financial Software Ltd,2025-02-15,2025-02,GBP,1,9500.0,475.0,0.0,9025.0,PO-1011-M02
INV-1073,CTR-1011,CUST-211,Kensington Financial Software Ltd,2025-03-15,2025-03,GBP,1,9500.0,475.0,0.0,9025.0,PO-1011-M03
INV-1074,CTR-1011,CUST-211,Kensington Financial Software Ltd,2025-04-15,2025-04,GBP,1,9500.0,475.0,0.0,9025.0,PO-1011-M04
INV-1075,CTR-1011,CUST-211,Kensington Financial Software Ltd,2025-05-15,2025-05,GBP,1,9500.0,475.0,0.0,9025.0,PO-1011-M05
INV-1076,CTR-1011,CUST-211,Kensington Financial Software Ltd,2025-06-15,2025-06,GBP,1,9500.0,475.0,0.0,9025.0,PO-1011-M06
INV-1077,CTR-1011,CUST-211,Kensington Financial Software Ltd,2025-07-15,2025-07,GBP,1,9500.0,475.0,0.0,9025.0,PO-1011-M07
INV-1078,CTR-1012,CUST-212,OmniHealth Diagnostics Inc.,2025-01-15,2025-01,USD,44,350.0,0.0,0.0,15400.0,PO-1012-M01
INV-1079,CTR-1012,CUST-212,OmniHealth Diagnostics Inc.,2025-02-15,2025-02,USD,42,350.0,0.0,0.0,14700.0,PO-1012-M02
INV-1080,CTR-1012,CUST-212,OmniHealth Diagnostics Inc.,2025-03-15,2025-03,USD,40,350.0,0.0,0.0,14000.0,PO-1012-M03
INV-1081,CTR-1012,CUST-212,OmniHealth Diagnostics Inc.,2025-04-15,2025-04,USD,38,350.0,0.0,0.0,13300.0,PO-1012-M04
INV-1082,CTR-1012,CUST-212,OmniHealth Diagnostics Inc.,2025-05-15,2025-05,USD,36,350.0,0.0,0.0,12600.0,PO-1012-M05
INV-1083,CTR-1012,CUST-212,OmniHealth Diagnostics Inc.,2025-06-15,2025-06,USD,34,350.0,0.0,0.0,11900.0,PO-1012-M06
INV-1084,CTR-1012,CUST-212,OmniHealth Diagnostics Inc.,2025-07-15,2025-07,USD,45,350.0,0.0,0.0,15750.0,PO-1012-M07
INV-1085,CTR-1013,CUST-213,Pioneer Autonomous Systems Corp,2025-01-15,2025-01,USD,1,22000.0,2640.0,0.0,19360.0,PO-1013-M01
INV-1086,CTR-1013,CUST-213,Pioneer Autonomous Systems Corp,2025-02-15,2025-02,USD,1,22000.0,2640.0,0.0,19360.0,PO-1013-M02
INV-1087,CTR-1013,CUST-213,Pioneer Autonomous Systems Corp,2025-03-15,2025-03,USD,1,22000.0,2640.0,0.0,19360.0,PO-1013-M03
INV-1088,CTR-1013,CUST-213,Pioneer Autonomous Systems Corp,2025-04-15,2025-04,USD,1,22000.0,2640.0,0.0,19360.0,PO-1013-M04
INV-1089,CTR-1013,CUST-213,Pioneer Autonomous Systems Corp,2025-05-15,2025-05,USD,1,22000.0,2640.0,0.0,19360.0,PO-1013-M05
INV-1090,CTR-1013,CUST-213,Pioneer Autonomous Systems Corp,2025-06-15,2025-06,USD,1,22000.0,2640.0,0.0,19360.0,PO-1013-M06
INV-1091,CTR-1013,CUST-213,Pioneer Autonomous Systems Corp,2025-07-15,2025-07,USD,1,22000.0,2640.0,0.0,19360.0,PO-1013-M07
INV-1092,CTR-1014,CUST-214,Silverline Telecom Solutions,2025-01-15,2025-01,USD,506,16.0,0.0,0.0,8096.0,PO-1014-M01
INV-1093,CTR-1014,CUST-214,Silverline Telecom Solutions,2025-02-15,2025-02,USD,504,16.0,0.0,0.0,8064.0,PO-1014-M02
INV-1094,CTR-1014,CUST-214,Silverline Telecom Solutions,2025-03-15,2025-03,USD,502,16.0,0.0,0.0,8032.0,PO-1014-M03
INV-1095,CTR-1014,CUST-214,Silverline Telecom Solutions,2025-04-15,2025-04,USD,500,16.0,0.0,0.0,8000.0,PO-1014-M04
INV-1096,CTR-1014,CUST-214,Silverline Telecom Solutions,2025-05-15,2025-05,USD,498,16.0,0.0,0.0,7968.0,PO-1014-M05
INV-1097,CTR-1014,CUST-214,Silverline Telecom Solutions,2025-06-15,2025-06,USD,496,16.0,0.0,0.0,7936.0,PO-1014-M06
INV-1098,CTR-1014,CUST-214,Silverline Telecom Solutions,2025-07-15,2025-07,USD,494,16.0,0.0,0.0,7904.0,PO-1014-M07
INV-1099,CTR-1015,CUST-215,Crestview Real Estate Asset Mgmt,2025-01-15,2025-01,USD,1,11500.0,690.0,0.0,10810.0,PO-1015-M01
INV-1100,CTR-1015,CUST-215,Crestview Real Estate Asset Mgmt,2025-02-15,2025-02,USD,1,11500.0,690.0,0.0,10810.0,PO-1015-M02
INV-1101,CTR-1015,CUST-215,Crestview Real Estate Asset Mgmt,2025-03-15,2025-03,USD,1,11500.0,690.0,0.0,10810.0,PO-1015-M03
INV-1102,CTR-1015,CUST-215,Crestview Real Estate Asset Mgmt,2025-04-15,2025-04,USD,1,11500.0,690.0,0.0,10810.0,PO-1015-M04
INV-1103,CTR-1015,CUST-215,Crestview Real Estate Asset Mgmt,2025-05-15,2025-05,USD,1,11500.0,690.0,0.0,10810.0,PO-1015-M05
INV-1104,CTR-1015,CUST-215,Crestview Real Estate Asset Mgmt,2025-06-15,2025-06,USD,1,11500.0,690.0,0.0,10810.0,PO-1015-M06
INV-1105,CTR-1015,CUST-215,Crestview Real Estate Asset Mgmt,2025-07-15,2025-07,USD,1,11500.0,690.0,0.0,10810.0,PO-1015-M07
INV-1106,CTR-1001,CUST-201,Nexus Cloud Technologies Inc.,2025-08-15,2025-08,USD,105,100.0,0.0,0.0,10500.0,PO-1001-M08
INV-1107,CTR-1001,CUST-201,Nexus Cloud Technologies Inc.,2025-09-15,2025-09,USD,103,100.0,1030.0,0.0,9307.08,PO-1001-M09
INV-1108,CTR-1001,CUST-201,Nexus Cloud Technologies Inc.,2025-10-15,2025-10,USD,101,100.0,1010.0,0.0,10180.8,PO-1001-M10
INV-1109,CTR-1002,CUST-202,Meridian Logistics Corporation,2025-08-15,2025-08,USD,56,150.0,0.0,0.0,8400.0,PO-1002-M08
INV-1110,CTR-1002,CUST-202,Meridian Logistics Corp,2025-09-15,2025-09,USD,79,150.0,0.0,0.0,11850.0,PO-1002-M09
INV-1111,CTR-1002,CUST-202,Meridian Logistics Corp,2025-10-15,2025-10,USD,52,150.0,0.0,0.0,7800.0,PO-1002-M10
INV-1112,CTR-1002,CUST-202,Meridian Logistics Corp,2025-10-15,2025-10,USD,52,150.0,0.0,0.0,7800.0,PO-1002-M10
INV-1113,CTR-1003,CUST-203,Apex Health Solutions LLC,2025-10-15,2025-10,USD,1,18000.0,900.0,0.0,17100.0,PO-1003-M08
INV-1114,CTR-1003,CUST-203,Apex Health Solutions LLC,2025-09-15,2025-09,USD,1,18000.0,0.0,0.0,18000.0,PO-1003-M09
INV-1115,CTR-1003,CUST-203,Apex Health Solutions LLC,2025-10-15,2025-10,USD,1,18000.0,900.0,0.0,19152.0,PO-1003-M10
INV-1116,CTR-1003,CUST-203,Apex Health Solutions LLC,2025-11-15,2025-11,USD,1,18000.0,900.0,0.0,17168.4,PO-1003-M11
INV-1117,CTR-1003,CUST-203,Apex Health Solutions,2025-12-15,2025-12,USD,1,18000.0,900.0,0.0,17100.0,PO-1003-M12
INV-1118,CTR-1004,CUST-204,Vortex Media Global,2025-08-15,2025-08,USD,1,12500.0,0.0,0.0,12500.0,PO-1004-M08
INV-1119,CTR-1004,CUST-204,Vortex Media Global,2025-09-15,2025-09,EUR,1,12500.0,0.0,0.0,12550.0,PO-1004-M09
INV-1120,CTR-1005,CUST-205,Horizon Financial Partners,2025-08-15,2025-08,USD,16,1200.0,0.0,0.0,19200.0,PO-1005-M08
INV-1121,,CUST-205,Horizon Financial Partners,2025-09-15,2025-09,USD,14,1200.0,2520.0,0.0,14280.0,PO-1005-M09
INV-1122,CTR-1005,CUST-205,Horizon Financial Partners,2025-10-15,2025-10,USD,50,1200.0,9000.0,0.0,51000.0,PO-1005-M10
INV-1123,CTR-1006,CUST-206,,2025-08-15,2025-08,USD,247,40.0,0.0,0.0,-750.0,PO-1006-M08
INV-1124,CTR-1006,CUST-206,Zenith Retail Systems Ltd,2025-09-15,2025-09,USD,245,40.0,0.0,0.0,10976.0,PO-1006-M09
INV-1125,CTR-1007,CUST-207,Bharat Data Analytics Pvt Ltd,2025-08-15,2025-08,INR,1,500000.0,0.0,0.0,500000.0,PO-1007-M08
INV-1126,CTR-1007,CUST-207,Bharat Data Analytics Pvt Ltd,2025-09-15,2025-09,USD,1,500000.0,50000.0,0.0,450000.0,PO-1007-M09
INV-1127,CTR-1008,CUST-208,Starlight Cyber Defense Corp,2025-10-15,2025-10,USD,1,14000.0,0.0,0.0,14000.0,PO-1008-M08
INV-1128,CTR-1008,CUST-208,Starlight Cyber Defense Corp,2025-09-15,2025-09,USD,1,14000.0,0.0,0.0,14056.0,PO-1008-M09
INV-1129,CTR-1009,CUST-209,Beacon Renewable Energy Group,2025-08-15,2025-08,USD,80,125.0,800.0,0.0,9236.8,PO-1009-M08
INV-1130,CTR-1009,CUST-209,Beacon Renewable Energy Group,2024-11-15,2024-11,USD,78,125.0,780.0,0.0,8970.0,PO-1009-M09
INV-1131,CTR-1009,CUST-209,Beacon Renewable Energy Group,2025-10-15,2025-10,USD,76,125.0,0.0,0.0,9500.0,PO-1009-M10
INV-1132,CTR-1010,CUST-210,Titan Heavy Industries Inc.,2025-08-15,2025-08,USD,1,32000.0,0.0,0.0,35840.0,PO-1010-M08
INV-1133,CTR-1010,CUST-210,Titan Heavy Industries Inc.,2025-09-15,2025-09,USD,1,32000.0,0.0,0.0,32128.0,PO-1010-M09
INV-1134,CTR-1011,CUST-211,Kensington Financial Software Ltd,2025-08-15,2025-08,USD,1,9500.0,475.0,0.0,9025.0,PO-1011-M08
INV-1135,CTR-1011,CUST-211,Kensington Financial Software Ltd,2025-09-15,2025-09,GBP,1,9500.0,0.0,0.0,9500.0,PO-1011-M09
INV-1136,CTR-1012,CUST-212,OmniHealth Diagnostics Inc.,2025-08-15,2025-08,USD,68,350.0,0.0,0.0,23800.0,PO-1012-M08
INV-1137,CTR-1012,CUST-212,OmniHealth Diagnostics Incorporated,2025-09-15,2025-09,USD,41,350.0,0.0,0.0,14350.0,PO-1012-M09
INV-1138,CTR-1013,CUST-213,Pioneer Autonomous Systems Corp,2025-08-15,2025-08,USD,1,22000.0,0.0,0.0,22000.0,PO-1013-M08
INV-1139,CTR-1013,CUST-213,Pioneer Autonomous Systems Corp,2025-09-15,2025-09,USD,1,22000.0,2640.0,0.0,21683.2,PO-1013-M09
INV-1140,CTR-1014,CUST-214,Silverline Telecom Solutions,2025-08-15,2025-08,USD,505,16.0,0.0,0.0,8112.32,PO-1014-M08
INV-1141,CTR-1014,CUST-214,Silverline Telecom Solutions,2025-09-15,2025-09,USD,503,16.0,0.0,0.0,8048.0,PO-1014-M09
INV-1142,CTR-1014,CUST-214,Silverline Telecom Solutions,2025-09-15,2025-09,USD,503,16.0,0.0,0.0,8048.0,PO-1014-M09
INV-1143,CTR-1015,CUST-215,Crestview Real Estate Asset Mgmt,2025-08-15,2025-08,USD,1,11500.0,0.0,0.0,11500.0,PO-1015-M08
INV-1144,CTR-1015,CUST-215,Crestview Real Estate Asset Mgmt,2024-11-15,2024-11,USD,1,11500.0,690.0,0.0,10810.0,PO-1015-M09
INV-1145,CTR-9999,CUST-999,Phantom Enterprises LLC,2025-08-15,2025-08,USD,1,5400.0,0.0,0.0,5400.0,PO-UNKNOWN-01
